"","X","day","arm","reward","user1","user2","user3","user4","user5"
"1",1286815,1,2,0,0.000215,1e-06,0.00012,0.000145,0.999519
"2",724287,1,8,0,0.275,0.313872,0.010332,0.397807,0.002989
"3",1397228,1,8,0,0.255072,0.001985,0.673516,0.068459,0.000967
"4",78817,1,10,0,0.363559,0.02501,0.097403,0.508456,0.005573
"5",677220,1,6,0,0.550611,0.065128,0.061431,0.319612,0.003218
"6",934276,1,2,0,0.037919,0.003927,0.160024,0.797891,0.000238
"7",1657343,1,5,0,0.082763,0.021458,0.136118,0.756048,0.003612
"8",1744401,1,1,0,0.496622,0.422629,0.00771,0.072985,5.4e-05
"9",783427,1,1,0,0.69996,0.040162,0.101659,0.139321,0.018897
"10",1309307,1,1,0,0.01269,2.2e-05,0.890984,0.095423,0.000881
"11",1261253,1,2,0,0.52553,0.130715,0.033353,0.303205,0.007196
"12",808174,1,8,0,0.000539,0.000141,0.000228,0.00292,0.996172
"13",1943613,1,10,0,0.005271,0.993525,3e-06,0.001201,0
"14",1897825,1,10,0,0.023576,0.162146,0.009062,0.805141,7.5e-05
"15",1392885,1,7,0,0.151328,0.000581,0.779851,0.067701,0.000539
"16",529840,1,6,0,0.205474,0.035264,0.280974,0.475528,0.00276
"17",633770,1,5,0,0.03284,0.7089,0.001846,0.256398,1.5e-05
"18",394408,1,10,0,0.151369,9.2e-05,0.831564,0.016623,0.000353
"19",1779447,1,1,0,0.169122,0.532271,0.005629,0.292777,0.000202
"20",177873,1,1,1,0.038707,0.579929,0.003251,0.378075,3.8e-05
"21",759162,1,7,0,0.341128,0.001034,0.642684,0.015137,1.7e-05
"22",992271,1,10,0,0.104198,0.021775,0.06791,0.802872,0.003245
"23",861326,1,1,0,0.04822,0.028959,0.005382,0.082105,0.835334
"24",1047526,1,5,0,0.648517,0.156257,0.023778,0.170868,0.00058
"25",235514,1,5,0,0.008946,0.011145,0.006228,0.973369,0.000311
"26",1955537,1,2,0,0.701095,0.042773,0.080612,0.16971,0.005811
"27",444867,1,1,1,0.227288,0.013662,0.108283,0.40667,0.244097
"28",1165463,1,7,0,9.8e-05,1e-06,9.1e-05,0.000202,0.999608
"29",7290,1,1,0,0.000899,0.000101,0.000573,0.006049,0.992378
"30",358778,1,1,0,0.267682,0.02334,0.111227,0.596788,0.000964
"31",150252,1,7,0,0.523023,0.061691,0.105531,0.30275,0.007004
"32",982805,1,8,0,0.044386,0.005295,0.122916,0.826457,0.000946
"33",1542000,1,1,0,0.605397,0.081709,0.086363,0.220181,0.006349
"34",646269,1,7,0,0.019062,0.001368,0.109768,0.868761,0.001042
"35",996955,1,5,0,0.180179,0.718709,0.001265,0.097447,0.002399
"36",1137631,1,1,0,0.553971,0.097956,0.041033,0.299581,0.007459
"37",733652,1,10,0,0.553029,0.045877,0.094129,0.291508,0.015457
"38",820997,1,9,0,0.37935,0.004254,0.397239,0.21809,0.001067
"39",942987,1,10,0,0.032985,2.9e-05,0.374036,0.036086,0.556864
"40",409806,1,4,0,0.024508,0.001807,0.201233,0.772404,4.9e-05
"41",1941148,1,7,1,0.00131,1e-06,0.992102,0.006586,1e-06
"42",1506169,1,2,0,0.218868,0.005807,0.506671,0.26743,0.001224
"43",1183293,1,2,0,0.050173,0.000598,0.90519,0.043999,4e-05
"44",416283,1,7,0,0.387021,0.001591,0.562016,0.048412,0.000961
"45",1206091,1,2,0,0.349252,0.009249,0.298844,0.342311,0.000344
"46",1610254,1,5,1,0.006541,0.001041,0.108806,0.883522,9e-05
"47",1032253,1,7,0,0.017636,0.013385,0.03482,0.933725,0.000434
"48",1003614,1,3,0,0.007116,0.00041,0.001595,0.009283,0.981597
"49",1350348,1,6,0,0.027278,0.000102,0.91213,0.060432,5.8e-05
"50",1285987,1,1,0,0.025669,0.23836,0.004631,0.725687,0.005654
"51",1062784,1,10,0,0.693512,0.041061,0.053498,0.206366,0.005562
"52",1571566,1,6,0,0.518881,0.105469,0.038981,0.322688,0.013982
"53",1277338,1,1,0,0.029434,0.000384,0.93448,0.035682,2e-05
"54",1729214,1,3,0,0.200712,0.006703,0.366981,0.425218,0.000386
"55",84436,1,1,0,0.022323,0.001504,0.003602,0.021223,0.951348
"56",1406289,1,5,0,0.066399,0.000194,0.880532,0.052732,0.000143
"57",516587,1,7,0,0.617267,0.281581,0.010434,0.090116,0.000602
"58",1648312,1,1,0,0.030763,0.001087,0.594267,0.373593,0.000289
"59",1940938,1,10,0,0.585413,0.15723,0.029164,0.218324,0.009869
"60",753248,1,5,0,0.815963,0.035421,0.099961,0.045382,0.003272
"61",489183,1,7,0,4e-06,3e-06,0,2e-05,0.999973
"62",1515468,1,8,1,0.034164,0.001011,0.69809,0.266695,4e-05
"63",1273369,1,9,0,0.55231,0.158117,0.021838,0.260913,0.006822
"64",544355,1,8,0,1.3e-05,0,5e-06,5e-06,0.999977
"65",924574,1,2,0,0.001926,0.000167,0.000107,0.001275,0.996525
"66",699520,1,9,0,0.840626,0.011265,0.064787,0.063543,0.019779
"67",1580902,1,8,0,0.253829,0.148909,0.050925,0.546099,0.000238
"68",420205,1,8,1,0.042811,0.208299,0.003358,0.711171,0.034361
"69",1396033,1,1,0,0.313605,0.071512,0.077881,0.533456,0.003547
"70",1189148,1,3,0,0.476784,0.005372,0.353773,0.159435,0.004637
"71",7812,1,8,0,0.009707,3.2e-05,0.94831,0.041861,9.1e-05
"72",675200,1,1,0,0.000708,0,0.995973,0.003317,1e-06
"73",1662646,1,6,0,0.076002,0.005674,0.422404,0.49583,9e-05
"74",224925,1,5,0,0.036623,0.000855,0.761503,0.200943,7.6e-05
"75",1379505,1,9,0,0.101799,0.003774,0.317444,0.576266,0.000716
"76",1433121,1,10,0,0.007116,0.00041,0.001595,0.009283,0.981597
"77",1323564,1,8,0,0.058718,0.576828,0.000602,0.362765,0.001087
"78",744711,1,10,0,0.000368,4e-06,0.007306,0.039413,0.952909
"79",729394,1,3,1,0.505524,0.139637,0.066272,0.28444,0.004126
"80",1008277,1,4,0,0.127688,0.01517,0.587927,0.269144,7.2e-05
"81",128854,1,1,0,0.584999,0.012154,0.205505,0.190082,0.007259
"82",1159222,1,2,0,0.630989,0.093053,0.054169,0.208236,0.013554
"83",876142,1,2,0,0.33847,0.456026,0.006435,0.199029,4e-05
"84",186344,1,10,0,0.559304,0.088359,0.057209,0.290563,0.004566
"85",1481875,1,8,0,0.019103,0.000932,0.394261,0.585485,0.000219
"86",116864,1,10,0,0.34991,0.006258,0.25731,0.365557,0.020964
"87",866732,1,2,0,0.353368,0.002022,0.612058,0.031353,0.001199
"88",120424,1,7,0,0.09611,0.004915,0.40071,0.498185,8e-05
"89",1698839,1,1,0,0.013562,1.7e-05,0.957409,0.028951,6.1e-05
"90",391454,1,6,0,0.099221,0.002002,0.349475,0.539377,0.009924
"91",1337852,1,1,0,0.000298,0,0.99907,0.000631,0
"92",165374,1,1,0,0.096457,0.194634,5.3e-05,0.002626,0.706229
"93",1011942,1,8,0,0.553029,0.045877,0.094129,0.291508,0.015457
"94",435089,1,7,1,0.000405,1.1e-05,0.000222,0.000676,0.998686
"95",1503274,1,2,0,0.105697,0.04946,0.061989,0.782473,0.000381
"96",1591595,1,1,0,0.183302,0.033955,0.064021,0.715537,0.003185
"97",452348,1,1,0,0.156178,0.020569,0.371693,0.451479,8.1e-05
"98",663437,1,9,0,0.179117,0.387358,0.011111,0.421983,0.000431
"99",1233447,1,10,0,0.017213,0.05481,0.011998,0.905726,0.010254
"100",863864,1,6,0,0.116,0.128897,0.008705,0.745612,0.000785
"101",25331,1,10,0,0.213558,0.67064,0.001153,0.112731,0.001917
"102",35367,1,1,0,0.001971,7e-06,0.00097,0.000281,0.996771
"103",1775411,1,1,0,0.108023,0.000624,0.743951,0.146564,0.000837
"104",1993565,1,8,0,0.016653,0.067972,0.003756,0.911414,0.000205
"105",1765785,1,3,0,0.039244,0.291141,0.000851,0.664402,0.004362
"106",1235472,1,2,0,0.035239,0.000717,0.011177,0.015005,0.937864
"107",497712,1,8,0,0.119398,0.001416,0.597708,0.279185,0.002293
"108",1456578,1,6,0,0.008632,7e-06,0.980479,0.010819,6.3e-05
"109",1292552,1,7,0,0.489847,0.060879,0.101672,0.344232,0.003369
"110",977786,1,7,0,0.727851,0.091075,0.017898,0.148085,0.015091
"111",1797454,1,1,0,0.341261,0.453845,0.015482,0.189269,0.000142
"112",1540815,1,4,0,0.062167,0.013335,0.008111,0.075247,0.84114
"113",1656444,1,5,0,0.081559,0.542356,0.005606,0.370422,5.6e-05
"114",1492765,1,9,0,0.169284,0.152361,0.023671,0.65246,0.002225
"115",1468820,1,5,0,0.156488,0.007961,0.638469,0.196847,0.000234
"116",911015,1,7,0,0.153634,0.002069,0.493969,0.345486,0.004842
"117",181537,1,3,0,0.299653,0.033207,0.107363,0.557615,0.002163
"118",749481,1,7,0,0.0023,0,0.99418,0.003514,6e-06
"119",1847900,1,6,0,0.579982,0.037387,0.043246,0.303369,0.036015
"120",1880620,1,3,0,0.169835,0.001493,0.680899,0.146957,0.000816
"121",1638233,1,2,0,0.285019,0.006337,0.299246,0.404834,0.004563
"122",643937,1,6,0,0.664068,0.073064,0.041332,0.212738,0.008798
"123",1286243,1,1,0,0.164859,0.004177,0.619668,0.210457,0.000838
"124",545826,1,9,0,0.059934,0.018228,0.000422,0.013514,0.907902
"125",771142,1,4,0,0.30378,0.003862,0.582172,0.109411,0.000775
"126",1431159,1,9,0,0.019338,0.010827,0.058626,0.909187,0.002023
"127",1911030,1,1,0,0.087215,0.101191,0.013308,0.797353,0.000933
"128",81080,1,5,0,0.117219,0.10974,0.024748,0.747668,0.000625
"129",1445016,1,3,0,0.017355,0.725748,0.000196,0.256667,3.4e-05
"130",984094,1,1,0,0.010591,2.8e-05,0.014693,0.009099,0.96559
"131",1606927,1,4,0,0.089245,0.008647,0.032366,0.842061,0.02768
"132",1432337,1,1,1,0.067502,0.090157,0.018417,0.82307,0.000853
"133",982767,1,2,0,0.205478,0.002203,0.746075,0.046229,1.5e-05
"134",1684316,1,9,0,0.008369,0.006594,0.020887,0.964114,3.6e-05
"135",1079020,1,7,0,4e-06,0,0,2e-06,0.999994
"136",564485,1,9,0,0.445372,0.440475,0.007241,0.105044,0.001868
"137",1222183,1,2,0,0.108841,0.06541,0.031678,0.793471,6e-04
"138",1369527,1,2,0,0.006813,1.9e-05,0.935365,0.057771,3.2e-05
"139",1871232,1,2,0,0.486593,0.038726,0.133998,0.339416,0.001266
"140",1357744,1,1,0,0.021423,2.9e-05,0.971345,0.007187,1.5e-05
"141",1541992,1,9,0,0.058387,0.461749,0.008371,0.471391,0.000102
"142",474196,1,7,0,0.700235,0.026928,0.211575,0.056902,0.00436
"143",757003,1,6,0,0.007255,0.001246,0.062977,0.927812,0.000711
"144",479703,1,3,0,0.009482,5.4e-05,0.973145,0.017314,5e-06
"145",151587,1,2,0,0.000228,0,0.999275,0.000497,0
"146",44738,1,7,0,0.01321,0.019661,0.003749,0.962956,0.000424
"147",492889,1,5,0,0.416552,0.032182,0.045483,0.496602,0.009181
"148",1698340,1,1,0,0.012544,3.9e-05,0.91901,0.068066,0.000341
"149",1249996,1,2,0,0.111474,0.792862,0.000786,0.094853,2.6e-05
"150",1371663,1,6,0,0.137033,0.044764,0.105657,0.711736,0.00081
"151",1792257,1,1,0,0.132622,0.841092,0.000395,0.024521,0.00137
"152",41549,1,6,0,0.03659,0.084708,0.008547,0.869893,0.000263
"153",1377560,1,2,0,0.277168,0.004029,0.646795,0.071932,7.6e-05
"154",1756733,1,1,0,0.310011,0.001429,0.654922,0.032144,0.001493
"155",380590,1,1,0,0.194928,0.058463,0.126314,0.619442,0.000852
"156",477814,1,6,0,0.388611,0.014178,0.176121,0.418362,0.002728
"157",1909155,1,2,0,0.075854,0.785797,0.000625,0.137353,0.000371
"158",1362949,1,6,0,0.47778,0.007076,0.175289,0.025252,0.314604
"159",1236115,1,9,0,0.523023,0.061691,0.105531,0.30275,0.007004
"160",1551497,1,8,0,0.244109,0.299571,0.020649,0.43559,8.1e-05
"161",634717,1,10,0,0.040015,0.053973,0.009268,0.895679,0.001065
"162",1854191,1,2,0,0.83779,0.041486,0.051699,0.067925,0.0011
"163",291995,1,7,0,0.265849,0.011888,0.343201,0.378438,0.000625
"164",310524,1,6,0,0.028912,2e-05,0.969883,0.001183,2e-06
"165",1819788,1,1,0,0.254606,0.375437,0.028067,0.341877,1.3e-05
"166",1501630,1,1,0,0.104314,0.024465,0.096424,0.771629,0.003168
"167",817442,1,10,0,0.003339,0.003065,0.008088,0.985212,0.000296
"168",148507,1,1,0,0.683754,0.095759,0.032122,0.18422,0.004145
"169",1066446,1,4,0,0.001943,1e-04,0.000186,0.000812,0.996959
"170",95628,1,1,0,0.420152,0.002517,0.479199,0.095868,0.002264
"171",1776858,1,7,0,0.030334,0.000518,0.793321,0.175543,0.000284
"172",537123,1,1,0,0.029788,7.6e-05,0.909591,0.060488,5.7e-05
"173",594284,1,4,0,0.241585,0.737235,0.000949,0.019926,0.000305
"174",438976,1,10,0,0.100396,0.031385,0.064443,0.803448,0.000328
"175",1109593,1,8,0,0.576683,0.065731,0.053442,0.292128,0.012016
"176",263949,1,9,1,0.004472,6.2e-05,0.863923,0.131509,3.4e-05
"177",1377182,1,5,0,0.821564,0.046502,0.09974,0.030487,0.001707
"178",1071710,1,2,0,0.285047,0.055739,0.251082,0.407613,0.00052
"179",853709,1,2,0,0.073815,0.75552,0.000464,0.17014,6.2e-05
"180",814904,1,6,0,0.218965,0.253767,0.014215,0.50942,0.003633
"181",344168,1,10,0,0.490333,0.066144,0.109795,0.323281,0.010447
"182",209316,1,7,0,0.111156,0.000627,0.695638,0.175344,0.017234
"183",1149937,1,1,0,0.002959,2e-06,0.988445,0.008592,2e-06
"184",135078,1,4,0,0.022501,0.001004,0.441434,0.534863,0.000198
"185",1094211,1,7,0,0.047142,0.940104,0.000124,0.012628,2e-06
"186",1180988,1,5,0,0.011296,0.00992,0.017213,0.961397,0.000175
"187",1671671,1,7,1,0.367989,0.136397,0.028276,0.292314,0.175023
"188",1197504,1,7,0,0.001389,1e-06,0.995634,0.002976,1e-06
"189",941280,1,1,0,0.016213,0.033929,0.022281,0.927559,1.8e-05
"190",1548234,1,4,0,0.175775,0.651928,0.0027,0.167271,0.002325
"191",380549,1,7,0,0.847745,0.049983,0.071654,0.029608,0.001009
"192",1995820,1,5,0,0.00102,0.000244,0.018049,0.975444,0.005242
"193",943996,1,6,0,0.462106,0.059636,0.084184,0.196691,0.197383
"194",458275,1,1,0,0.262472,0.096238,0.077887,0.563049,0.000353
"195",66425,1,10,0,0.582916,0.050142,0.106112,0.259907,0.000923
"196",1669055,1,10,0,0.000527,0.000229,1.1e-05,0.001511,0.997722
"197",1731184,1,10,0,0.199596,0.023507,0.371324,0.404449,0.001123
"198",1772518,1,10,0,0.016466,8e-06,0.952323,0.027942,0.003261
"199",1921115,1,1,0,0.391905,0.004785,0.485624,0.11508,0.002606
"200",1214159,1,2,0,0.881126,0.071776,0.010095,0.026632,0.010371
"201",658981,1,10,0,0.071991,0.357152,0.003388,0.56739,8e-05
"202",690406,1,10,0,0.024949,0.000429,0.039688,0.035544,0.89939
"203",1903587,1,6,0,0.000327,0,0.998963,0.000709,1e-06
"204",1603638,1,9,1,0.664068,0.073064,0.041332,0.212738,0.008798
"205",51844,1,10,0,0.03165,0.752919,0.001378,0.214032,2.1e-05
"206",907212,1,10,0,0.142257,0.054275,0.090451,0.710268,0.002749
"207",633974,1,7,0,0.267816,0.165432,0.018685,0.546196,0.001871
"208",1297640,1,1,0,0.015213,0.005493,0.092635,0.886617,4.1e-05
"209",410064,1,1,0,0.077729,0.002604,0.615992,0.303087,0.000588
"210",767656,1,8,0,0.388663,0.004787,0.488637,0.117358,0.000555
"211",321798,1,1,0,0.003575,0.000126,7e-04,0.002781,0.992818
"212",1840153,1,1,0,0.749463,0.015686,0.111073,0.115784,0.007994
"213",1538266,1,2,0,0.277826,0.079104,0.076992,0.565684,0.000393
"214",1096490,1,4,0,0.876042,0.062397,0.017926,0.040504,0.003131
"215",1925466,1,1,1,0.010281,6e-05,0.890978,0.098665,1.7e-05
"216",1597968,1,1,0,0.55829,0.400027,0.008804,0.03282,5.9e-05
"217",1966526,1,1,0,0.013418,0.000337,0.001765,0.009165,0.975315
"218",1191480,1,7,0,0.169257,0.010409,0.169801,0.6498,0.000733
"219",1551179,1,1,0,0.625897,0.07733,0.044577,0.250419,0.001776
"220",1829808,1,5,0,0.781368,0.012161,0.113938,0.08532,0.007213
"221",259949,1,2,0,0.847162,0.021102,0.082783,0.046773,0.00218
"222",897697,1,1,0,0.156433,0.012327,0.212646,0.617821,0.000774
"223",397071,1,7,0,0.10491,0.001613,0.756153,0.137082,0.000241
"224",85667,1,9,0,0.004874,0.000261,0.00534,0.021092,0.968433
"225",690294,1,3,0,0.007521,1.8e-05,0.077003,0.01438,0.901078
"226",1111769,1,10,0,0.11864,0.000693,0.534092,0.081572,0.265004
"227",1555782,1,7,0,0.105885,0.324242,0.003694,0.566055,0.000124
"228",270420,1,4,0,0.664068,0.073064,0.041332,0.212738,0.008798
"229",956813,1,5,0,0.022107,6.7e-05,0.671502,0.305114,0.001211
"230",308485,1,1,0,0.197302,0.013175,0.226839,0.562212,0.000472
"231",1473882,1,2,0,0.618809,0.078446,0.056587,0.240436,0.005722
"232",1741744,1,7,0,0.685789,0.010559,0.193979,0.096916,0.012757
"233",1326659,1,8,0,0.045055,6.9e-05,0.928452,0.02619,0.000233
"234",786467,1,6,0,0.044108,0.000727,0.093884,0.193486,0.667796
"235",1440260,1,6,1,0.525706,0.101424,0.044485,0.325624,0.002761
"236",1697838,1,1,0,0.626991,0.144619,0.023575,0.197931,0.006883
"237",940036,1,6,0,0.630068,0.147166,0.033855,0.188488,0.000423
"238",1799349,1,1,0,0.104219,0.512466,0.002709,0.380337,0.000269
"239",788889,1,1,0,0.32978,0.548981,0.005666,0.115141,0.000432
"240",340793,1,2,0,0.001847,0.000183,0.000165,0.000486,0.997319
"241",495815,1,10,0,0.539403,0.132067,0.050001,0.267619,0.010911
"242",1860902,1,3,0,0.005688,0.000258,0.125534,0.868123,0.000398
"243",1143002,1,6,0,0.041081,0.000611,0.562006,0.39536,0.000943
"244",97335,1,1,0,0.51137,0.096118,0.079608,0.310065,0.002839
"245",347210,1,4,0,0.003016,1e-06,0.991438,0.005534,1.2e-05
"246",1325007,1,10,0,0.018426,0.026611,0.006086,0.94763,0.001247
"247",1448225,1,7,0,0.091476,4.7e-05,0.713716,0.013892,0.18087
"248",317923,1,1,0,0.790065,0.023034,0.075211,0.087845,0.023845
"249",1368371,1,5,0,0.755395,0.082394,0.07334,0.088844,2.7e-05
"250",438180,1,6,0,0.072032,0.001205,0.664978,0.261581,0.000204
"251",98741,1,5,0,0.16311,0.012398,0.253385,0.570449,0.000658
"252",1428683,1,3,0,0.523023,0.061691,0.105531,0.30275,0.007004
"253",1328334,1,1,0,0.011294,0.562969,0.00031,0.42541,1.7e-05
"254",932927,1,9,0,0.160493,0.001751,0.636373,0.199814,0.001569
"255",1428225,1,5,0,0.007116,0.00041,0.001595,0.009283,0.981597
"256",1475602,1,2,0,0.231741,0.577886,0.002846,0.183702,0.003826
"257",1021624,1,1,0,0.521556,0.013597,0.374623,0.08994,0.000284
"258",448996,1,5,0,0.712116,0.022085,0.09052,0.167707,0.007572
"259",990044,1,8,0,0.523023,0.061691,0.105531,0.30275,0.007004
"260",569444,1,1,0,0.553029,0.045877,0.094129,0.291508,0.015457
"261",1468783,1,10,0,0.071023,0.02962,0.000298,0.008502,0.890556
"262",129842,1,1,0,0.229959,0.037415,0.103585,0.625384,0.003656
"263",1880517,1,2,0,0.802002,0.008667,0.115757,0.071035,0.002538
"264",496726,1,5,0,0.000301,1e-06,0.000259,3e-05,0.99941
"265",1376049,1,2,0,0.002192,0,0.984218,0.013501,9e-05
"266",1157785,1,10,0,4.4e-05,0,0.000734,0.000939,0.998282
"267",1224079,1,5,0,0.007116,0.00041,0.001595,0.009283,0.981597
"268",636738,1,10,0,0.34566,0.055394,0.103817,0.49432,0.000809
"269",954238,1,7,1,0.198379,0.015958,0.115969,0.66946,0.000234
"270",1544942,1,10,0,0.509895,0.397409,0.006009,0.085952,0.000735
"271",1222781,1,1,0,0.005675,0.993107,1e-06,0.001218,0
"272",749882,1,1,0,0.380626,0.217295,0.019227,0.382012,0.000839
"273",474192,1,2,0,0.187852,0.001065,0.769218,0.041776,8.9e-05
"274",11075,1,8,0,0.553029,0.045877,0.094129,0.291508,0.015457
"275",569050,1,1,0,0.282691,0.002959,0.581791,0.12963,0.002929
"276",134701,1,5,0,0.163051,0.003569,0.524892,0.308145,0.000343
"277",43593,1,8,0,0.115727,0.026177,0.0389,0.817481,0.001715
"278",502808,1,1,0,0.27332,0.53068,0.022018,0.17397,1.3e-05
"279",1803099,1,3,0,0.187495,0.648087,0.001543,0.161803,0.001072
"280",144295,1,1,0,0.328086,0.135115,0.053798,0.482202,0.000798
"281",316432,1,5,0,0.21449,0.059887,0.045292,0.679439,0.000892
"282",1770918,1,4,0,0.108029,0.000343,0.608156,0.090469,0.193004
"283",988703,1,1,0,0.618809,0.078446,0.056587,0.240436,0.005722
"284",1156499,1,1,1,0.049113,0.000278,0.771973,0.176422,0.002214
"285",1094302,1,1,0,0.427554,0.003696,0.479267,0.087345,0.002138
"286",1606658,1,4,0,0.373893,0.004728,0.488347,0.12417,0.008862
"287",1300625,1,1,1,0.056428,0.000531,0.587574,0.354014,0.001453
"288",1814180,1,6,0,0.124051,0.000898,0.727308,0.145893,0.001851
"289",122358,1,7,0,0.231278,0.299081,0.037524,0.431667,0.00045
"290",313932,1,3,0,0.000125,0,0.994054,0.00582,1e-06
"291",1714691,1,3,0,0.365996,0.021596,0.131433,0.44236,0.038614
"292",1545404,1,10,0,0.000194,3e-05,4.2e-05,0.000784,0.998951
"293",1356502,1,6,0,0.030143,0.016521,0.072342,0.880971,2.3e-05
"294",1623344,1,10,0,0.009612,3.1e-05,0.859785,0.130514,5.8e-05
"295",1186993,1,3,0,0.10805,0.005183,0.17755,0.708326,0.000891
"296",573940,1,10,0,0.081927,0.016545,0.06127,0.840003,0.000255
"297",1864058,1,5,0,0.291802,0.00313,0.624221,0.078094,0.002753
"298",893359,1,3,0,0.002401,5.7e-05,0.002584,0.004497,0.990461
"299",1831845,1,9,0,0.057274,0.013363,0.059599,0.866082,0.003682
"300",1628396,1,3,0,0.12105,0.007723,0.428876,0.440573,0.001778
"301",332339,1,8,0,0.000728,1.6e-05,0.000116,0.000178,0.998963
"302",1627562,1,8,0,0.392378,0.318728,0.012871,0.275649,0.000375
"303",20606,1,6,0,0.546298,0.094767,0.053614,0.301864,0.003457
"304",268431,1,8,0,0.004907,1e-05,0.986872,0.008207,4e-06
"305",643257,1,6,0,0.151693,0.801203,0.000549,0.04565,0.000905
"306",1840146,1,9,0,0.171656,0.028608,0.008631,0.062371,0.728733
"307",1317664,1,1,0,0.743701,0.066476,0.034817,0.15161,0.003396
"308",59835,1,1,0,0.485252,0.055665,0.057524,0.400323,0.001236
"309",1101834,1,10,0,0.001444,0,0.99718,0.001374,2e-06
"310",1204228,1,1,0,0.51137,0.096118,0.079608,0.310065,0.002839
"311",984402,1,1,0,0.117558,0.60553,0.002293,0.270869,0.00375
"312",750078,1,8,0,9.8e-05,1e-06,4.1e-05,4e-05,0.99982
"313",286216,1,6,0,0.023511,0.385314,0.005407,0.585754,1.4e-05
"314",1874593,1,1,0,0.145289,0.721701,0.001008,0.131388,0.000613
"315",1786410,1,8,1,0.081653,0.000961,0.857519,0.059727,0.000139
"316",255515,1,6,0,0.000309,0,0.99353,0.006161,0
"317",332158,1,8,0,0.328628,0.027654,0.164244,0.476842,0.002632
"318",120363,1,7,0,0.293726,0.046828,0.089325,0.569849,0.000272
"319",714923,1,1,0,0.605156,0.077316,0.029215,0.270011,0.018302
"320",1154464,1,8,0,0.280669,0.047646,0.096018,0.571974,0.003692
"321",1841894,1,1,0,0.007302,0.928329,1.6e-05,0.064342,1e-05
"322",787651,1,5,0,0.006447,0.00015,0.500471,0.492894,3.8e-05
"323",594125,1,10,1,0.063303,0.19841,0.026286,0.711849,0.000152
"324",1840588,1,1,0,0.000315,1e-06,0.000453,0.000124,0.999108
"325",1601738,1,8,0,0.739046,0.068732,0.055614,0.135232,0.001375
"326",717377,1,3,0,0.538953,0.100827,0.056202,0.301337,0.00268
"327",1118738,1,2,0,0.013402,0.000612,0.00061,0.001649,0.983728
"328",1505018,1,5,0,0.082333,0.093682,0.016215,0.807245,0.000526
"329",712205,1,10,0,0.023201,0.001738,0.54822,0.426756,8.6e-05
"330",1744098,1,10,0,0.718028,0.015674,0.117651,0.147076,0.001572
"331",1585125,1,7,0,0.099707,0.683922,0.002211,0.213373,0.000788
"332",1423852,1,8,0,0.512977,0.014179,0.225941,0.225456,0.021448
"333",1818687,1,10,0,4e-05,0,1.7e-05,2e-06,0.999941
"334",1116066,1,5,0,0.056997,0.017439,0.055053,0.867762,0.002749
"335",592758,1,8,0,0.422989,0.000376,0.559125,0.011233,0.006277
"336",949122,1,1,0,0.403841,0.002108,0.480894,0.112607,0.00055
"337",1929599,1,1,0,0.064386,0.195101,0.000125,0.010539,0.729849
"338",556124,1,10,0,0.002054,1.6e-05,0.613851,0.383949,0.000129
"339",1522752,1,4,0,0.012029,0.000107,0.957875,0.029986,2e-06
"340",905586,1,8,0,0.225673,0.279531,0.031768,0.462802,0.000226
"341",1545754,1,3,0,0.005309,1e-05,0.924571,0.0701,1e-05
"342",1932570,1,7,0,0.083731,0.001659,0.586488,0.327929,0.000193
"343",1504954,1,7,0,0.602001,0.09217,0.040497,0.254546,0.010785
"344",726008,1,10,0,0.775663,0.171041,0.006749,0.044941,0.001606
"345",1325182,1,6,0,0.001261,0,0.991181,0.007536,2.2e-05
"346",1437328,1,3,0,0.618809,0.078446,0.056587,0.240436,0.005722
"347",806046,1,7,0,0.697251,0.026367,0.088457,0.185216,0.00271
"348",1861129,1,10,0,0.348606,0.580129,0.004468,0.066373,0.000424
"349",963648,1,7,0,0.292531,0.016393,0.397399,0.293539,0.000138
"350",732106,1,7,0,0.478156,0.010399,0.435994,0.075097,0.000354
"351",1064162,1,6,0,0.084909,0.000357,0.614449,0.293811,0.006475
"352",583864,1,7,0,0.358377,0.180019,0.048486,0.412589,0.000529
"353",647091,1,6,0,0.007502,3.8e-05,0.789111,0.203291,5.8e-05
"354",240596,1,2,0,0.807587,0.016821,0.157487,0.017823,0.000282
"355",355482,1,10,0,0.631593,0.024361,0.117243,0.218566,0.008238
"356",1252162,1,9,0,0.324971,0.001352,0.627011,0.046588,7.8e-05
"357",133065,1,9,1,0.046144,0.012419,0.106547,0.834728,0.000161
"358",1406882,1,8,0,0.555838,0.146424,0.034572,0.261376,0.00179
"359",1558998,1,7,0,0.04934,0.000389,0.880189,0.069946,0.000137
"360",49475,1,1,0,0.032256,0.656236,0.000353,0.31115,5e-06
"361",679625,1,7,0,0.077231,0.012881,0.116784,0.792761,0.000343
"362",1799969,1,5,0,0.018549,0.323146,7.6e-05,0.035539,0.62269
"363",1472324,1,4,0,0.875293,0.064109,0.011875,0.015966,0.032756
"364",1005245,1,1,0,0.576683,0.065731,0.053442,0.292128,0.012016
"365",921987,1,3,0,0.238593,0.002899,0.503907,0.249993,0.004607
"366",1814977,1,1,0,0.038328,0.000969,0.004497,0.014189,0.942017
"367",1051726,1,9,0,0.295176,0.341233,0.007418,0.354982,0.00119
"368",1731974,1,1,0,0.179742,0.002364,0.728252,0.089545,9.7e-05
"369",1040035,1,8,0,0.240528,0.000341,0.707848,0.050314,0.000968
"370",1089497,1,5,0,0.015081,2e-05,0.960738,0.024104,5.7e-05
"371",703844,1,4,0,0.217452,0.001021,0.677709,0.103021,0.000797
"372",972856,1,2,0,0.365489,0.003434,0.374241,0.228607,0.028229
"373",1468908,1,7,0,0.028968,0.001543,0.499325,0.470081,8.2e-05
"374",1116389,1,5,0,0.007328,0.000239,0.291087,0.701149,0.000197
"375",554084,1,6,0,0.664068,0.073064,0.041332,0.212738,0.008798
"376",1881929,1,2,0,0.16443,0.705684,0.001302,0.127313,0.001272
"377",742404,1,7,0,0.13965,0.202132,0.018922,0.639157,0.000139
"378",589772,1,6,0,0.858381,0.082897,0.031732,0.024894,0.002095
"379",819427,1,1,0,0.605156,0.077316,0.029215,0.270011,0.018302
"380",735244,1,10,0,0.256993,0.561285,0.003862,0.177664,0.000196
"381",1786932,1,1,0,0.013697,0.607165,0.000445,0.378654,3.8e-05
"382",1585742,1,6,0,0.002905,0,0.995482,0.001612,0
"383",1870446,1,1,0,0.056415,0.005424,0.10613,0.827017,0.005014
"384",1117117,1,1,0,0.294844,0.012597,0.515023,0.177189,0.000348
"385",789891,1,7,0,0.000371,5.2e-05,8e-06,0.000152,0.999417
"386",1336330,1,6,0,0.560305,0.045936,0.175729,0.217966,6.5e-05
"387",1625015,1,1,0,0.170051,0.017138,0.145739,0.653122,0.01395
"388",731169,1,1,0,0.032064,0.145371,0.008068,0.814477,2e-05
"389",1814441,1,1,0,0.076858,0.758177,0.00078,0.164182,2e-06
"390",1371324,1,9,0,0.09436,0.13554,0.011178,0.751535,0.007387
"391",355121,1,1,0,0.031167,0.682521,0.003058,0.283243,1.1e-05
"392",669114,1,1,0,0.508968,0.008051,0.378061,0.102737,0.002183
"393",27991,1,8,0,0.405129,0.004586,0.483879,0.103814,0.002592
"394",511468,1,7,1,0.057301,0.017312,0.062354,0.862951,8.2e-05
"395",1932933,1,7,0,0.367726,0.469212,0.014204,0.148811,4.7e-05
"396",217932,1,6,0,0.05509,0.000797,0.826068,0.117956,8.9e-05
"397",86007,1,3,0,0.647656,0.108903,0.046651,0.196331,0.000459
"398",1235830,1,7,0,0.000556,1e-06,0.001509,0.000566,0.997368
"399",1200099,1,7,0,0.000719,1.6e-05,0.00018,0.000401,0.998684
"400",1151682,1,4,0,0.210607,0.010962,0.21971,0.544367,0.014354
"401",1942801,1,5,0,0.1696,0.003228,0.533638,0.292231,0.001303
"402",461637,1,3,0,0.02006,0.000198,0.758406,0.221188,0.000148
"403",1134080,1,6,0,0.576683,0.065731,0.053442,0.292128,0.012016
"404",1866705,1,10,0,0.060332,0.000404,0.760902,0.177142,0.00122
"405",325940,1,1,0,0.17586,0.001702,0.733984,0.088109,0.000346
"406",537290,1,2,0,0.310117,0.001188,0.610902,0.076801,0.000991
"407",556765,1,1,0,0.003913,0.00014,0.00169,0.016968,0.977288
"408",1816279,1,9,0,0.042887,0.176654,0.00564,0.774685,0.000134
"409",91782,1,1,0,0.569244,0.095614,0.040058,0.284391,0.010692
"410",1151649,1,3,0,0.45086,0.005873,0.294125,0.246747,0.002395
"411",1538454,1,5,0,0.019602,0.00013,0.786402,0.193555,0.000311
"412",1722850,1,7,0,0.033143,0.77796,7.2e-05,0.065721,0.123104
"413",1284752,1,3,0,0.580137,0.063747,0.100119,0.236231,0.019765
"414",1208007,1,6,0,0.072613,0.066019,0.05412,0.807107,0.00014
"415",768446,1,1,0,0.225254,0.118889,0.113858,0.54183,0.000169
"416",1498889,1,7,0,0.138407,0.000579,0.745022,0.114411,0.001581
"417",1551637,1,7,0,0.087785,0.130449,0.018304,0.763196,0.000267
"418",284958,1,6,0,0.016285,0.055721,0.005571,0.921907,0.000516
"419",1467986,1,4,0,0.084202,0.000504,0.796243,0.117662,0.001388
"420",1917070,1,2,0,0.523023,0.061691,0.105531,0.30275,0.007004
"421",1212831,1,4,0,0.004734,0.989376,1e-05,0.00588,0
"422",1821616,1,4,0,0.339762,0.562542,0.002467,0.09284,0.002389
"423",1055681,1,6,0,0.664068,0.073064,0.041332,0.212738,0.008798
"424",87119,1,7,0,0.005012,8e-06,0.287851,0.027122,0.680006
"425",857838,1,2,0,0.647389,0.033736,0.077368,0.239115,0.002391
"426",1353570,1,8,0,0.000749,1e-06,0.977863,0.021385,2e-06
"427",997962,1,6,1,0.005204,0.000187,0.475686,0.518884,3.9e-05
"428",678937,1,6,0,0.045314,0.235993,0.011411,0.707214,6.8e-05
"429",1325428,1,3,0,0.160961,0.714027,0.000961,0.12213,0.001921
"430",1248986,1,5,0,0.02381,6.6e-05,0.953239,0.022873,1.3e-05
"431",506033,1,3,0,0.699846,0.006113,0.156793,0.113221,0.024028
"432",848546,1,8,0,0.039399,2.2e-05,0.939972,0.019531,0.001075
"433",1454942,1,1,0,0.007979,7.4e-05,0.571252,0.419959,0.000736
"434",463944,1,7,0,0.455215,0.000605,0.497804,0.036317,0.010059
"435",1319492,1,9,0,0.630989,0.093053,0.054169,0.208236,0.013554
"436",1975382,1,3,0,0.005109,0.000397,0.000769,0.008147,0.985578
"437",111751,1,10,0,0.021409,0.001495,0.043501,0.920602,0.012993
"438",6606,1,8,0,0.273288,0.329567,0.017791,0.378208,0.001146
"439",1917678,1,4,0,0.545221,0.063106,0.109397,0.274866,0.00741
"440",987121,1,2,0,0.064828,0.002463,0.739061,0.193592,5.6e-05
"441",710650,1,3,0,7.9e-05,0,6e-05,7e-05,0.99979
"442",1480896,1,2,0,0.038258,0.000115,0.947137,0.014481,9e-06
"443",764351,1,7,0,0.481604,0.193107,0.011078,0.31122,0.002991
"444",67359,1,8,0,0.546298,0.094767,0.053614,0.301864,0.003457
"445",39424,1,8,0,0.405129,0.004586,0.483879,0.103814,0.002592
"446",1227673,1,9,0,0.031152,0.01444,0.029692,0.924196,0.00052
"447",526531,1,8,0,0.025205,0.001686,0.002795,0.01154,0.958774
"448",1462933,1,4,0,0.057409,0.872045,0.00044,0.070103,3e-06
"449",1362339,1,7,0,0.110866,0.254969,0.013733,0.616002,0.004429
"450",1040565,1,10,0,0.225836,0.004743,0.393594,0.360759,0.015067
"451",397635,1,8,0,0.002699,8e-06,0.988901,0.00839,1e-06
"452",417885,1,8,0,0.002353,1e-06,0.988315,0.009123,0.000208
"453",1302998,1,1,0,0.018048,0.00188,0.276052,0.703951,6.8e-05
"454",1513420,1,10,0,0.523023,0.061691,0.105531,0.30275,0.007004
"455",462316,1,9,0,0.837177,0.015839,0.134612,0.012236,0.000136
"456",1669394,1,1,0,0.58659,0.235498,0.012077,0.165635,2e-04
"457",1014838,1,1,0,0.147564,0.099899,0.041527,0.710531,0.000479
"458",597931,1,8,0,0.626991,0.144619,0.023575,0.197931,0.006883
"459",490726,1,7,0,0.482851,0.203005,0.027806,0.285461,0.000877
"460",1606166,1,1,0,0.004556,1.1e-05,0.921344,0.073969,0.00012
"461",1624456,1,6,0,0.013979,0.000186,0.776497,0.209313,2.6e-05
"462",915153,1,7,0,0.234744,0.013688,0.185059,0.565635,0.000875
"463",305180,1,1,0,0.151908,0.000718,0.728853,0.11794,0.000582
"464",1588860,1,9,0,0.790175,0.120364,0.007335,0.077356,0.00477
"465",1877010,1,5,0,0.025862,0.000835,0.48107,0.491498,0.000735
"466",1641476,1,1,0,0.00168,2e-06,0.010301,0.000828,0.987189
"467",716519,1,8,0,0.040511,8.9e-05,0.900677,0.05643,0.002294
"468",1728140,1,10,1,0.002364,0.979072,3e-06,0.01856,1e-06
"469",1551225,1,4,0,0.061754,0.465491,0.000699,0.471836,0.00022
"470",876908,1,6,0,0.553029,0.045877,0.094129,0.291508,0.015457
"471",1419522,1,2,0,0.049278,0.673388,0.000802,0.276383,0.00015
"472",313712,1,8,0,0.004973,6.4e-05,0.000191,0.00039,0.994382
"473",807557,1,3,0,0.000139,1e-06,8.6e-05,3.9e-05,0.999735
"474",697931,1,9,0,0.005971,3.4e-05,0.898597,0.09539,9e-06
"475",1555959,1,8,0,0.659725,0.086715,0.055301,0.195429,0.00283
"476",866339,1,10,0,0.028342,0.043246,0.055401,0.872922,8.9e-05
"477",1791976,1,6,0,0.040235,1.5e-05,0.954071,0.005358,0.000321
"478",460690,1,9,0,0.555853,0.348869,0.003374,0.091146,0.000758
"479",935476,1,9,0,2e-05,0,0.000657,0.001013,0.998311
"480",1280024,1,4,0,0.000524,3e-06,0.00252,0.000691,0.996261
"481",1016833,1,8,0,0.002042,1.4e-05,0.15057,0.306922,0.540452
"482",1819635,1,4,0,0.098248,0.049474,0.045118,0.807127,3.3e-05
"483",1777165,1,7,0,0.783676,0.00078,0.184114,0.020326,0.011105
"484",1406555,1,1,0,0.033207,0.851179,0.000152,0.115389,7.3e-05
"485",1435566,1,2,0,0.553029,0.045877,0.094129,0.291508,0.015457
"486",1856132,1,9,0,0.4041,0.099933,0.030942,0.460491,0.004534
"487",1762541,1,3,0,0.664068,0.073064,0.041332,0.212738,0.008798
"488",1269565,1,5,0,0.023311,0.015501,0.027626,0.932621,0.000942
"489",1933873,1,7,0,0.332714,0.038655,0.098621,0.528747,0.001263
"490",1404769,1,7,0,0.231741,0.577886,0.002846,0.183702,0.003826
"491",1098999,1,1,0,0.217864,0.020473,0.127216,0.633446,0.001001
"492",710414,1,4,0,0.00061,3.4e-05,0.000172,0.001243,0.99794
"493",293572,1,8,0,0.77679,0.029455,0.073319,0.114064,0.006372
"494",1306377,1,1,0,0.001055,0,0.995755,0.003175,1.5e-05
"495",956206,1,1,0,0.349096,0.003106,0.541595,0.103676,0.002527
"496",988195,1,3,0,0.308265,0.047075,0.110636,0.530146,0.003878
"497",1997538,1,1,0,0.006046,0.000845,0.154384,0.838564,0.000161
"498",1848718,1,10,0,0.537508,0.03667,0.134593,0.290689,0.000539
"499",614000,1,8,0,0.001001,1e-06,0.982005,0.016984,9e-06
"500",306530,1,9,0,0.352986,0.002316,0.618627,0.025966,0.000104
"501",670511,1,6,0,0.33785,0.004235,0.549276,0.107715,0.000924
"502",142994,1,9,0,0.077948,0.091038,0.000806,0.03217,0.798038
"503",938162,1,5,0,0.00082,1e-06,0.991205,0.007973,1e-06
"504",269586,1,10,0,0.060231,0.000251,0.439907,0.052921,0.44669
"505",1276896,1,2,0,0.030551,0.000365,0.43945,0.529309,0.000324
"506",1401631,1,8,0,0.131696,0.132573,0.098481,0.637235,1.5e-05
"507",1444237,1,8,0,0.043985,0.001057,0.671039,0.283137,0.000782
"508",894938,1,6,0,0.45871,0.051196,0.083834,0.404519,0.001742
"509",745177,1,10,0,0.000614,0,0.007298,0.000384,0.991704
"510",1817285,1,1,0,0.064258,0.004887,0.243483,0.687352,2e-05
"511",1272831,1,2,0,0.261812,0.000233,0.67866,0.046873,0.012422
"512",651415,1,7,0,2.9e-05,0,0.000111,3e-06,0.999857
"513",1332718,1,1,0,0.577551,0.055884,0.102658,0.258455,0.005452
"514",106660,1,6,0,0.503407,0.312235,0.01549,0.167613,0.001255
"515",1051387,1,9,0,0.255255,0.001835,0.573811,0.168605,0.000494
"516",1726082,1,5,0,0.660882,0.03863,0.089724,0.205147,0.005617
"517",496619,1,1,0,0.303738,0.671184,0.000983,0.023988,0.000107
"518",570640,1,8,0,0.007357,0.004656,0.000274,0.01257,0.975143
"519",1111532,1,1,0,0.024922,3.4e-05,0.943187,0.01944,0.012417
"520",1364292,1,7,0,0.026026,0.002726,0.417038,0.55412,8.9e-05
"521",657044,1,6,0,0.605156,0.077316,0.029215,0.270011,0.018302
"522",121169,1,6,0,0.22344,0.143565,0.023647,0.608955,0.000392
"523",1397759,1,2,0,0.01171,0.000153,0.952518,0.035612,6e-06
"524",870969,1,2,0,0.286407,0.01676,0.386232,0.3104,0.000202
"525",20412,1,10,0,0.022323,0.001504,0.003602,0.021223,0.951348
"526",738051,1,8,0,0.209782,0.005391,0.622022,0.162578,0.000227
"527",254846,1,10,1,0.074991,0.005487,0.33138,0.58808,6.1e-05
"528",1619872,1,4,0,0.565693,0.035016,0.119289,0.276732,0.00327
"529",1231112,1,9,0,0.546298,0.094767,0.053614,0.301864,0.003457
"530",402845,1,6,0,0.630989,0.093053,0.054169,0.208236,0.013554
"531",1847350,1,9,0,0.219193,0.011159,0.307276,0.462072,0.000301
"532",1252131,1,8,0,0.201622,0.001808,0.681993,0.11452,5.6e-05
"533",1129788,1,9,0,0.00476,1.9e-05,0.977558,0.017662,2e-06
"534",1206946,1,6,0,0.569244,0.095614,0.040058,0.284391,0.010692
"535",621224,1,8,0,0.439503,0.011953,0.500265,0.048267,1.2e-05
"536",374792,1,9,0,0.176677,0.706553,0.001567,0.097674,0.017529
"537",65405,1,5,0,0.003346,1e-06,0.992608,0.004035,1e-05
"538",1237006,1,1,1,0.029932,0.041645,0.036537,0.891848,3.8e-05
"539",1929882,1,10,0,0.030377,0.000281,0.771659,0.197314,0.00037
"540",384831,1,3,0,0.462046,0.36064,0.008497,0.160481,0.008336
"541",648047,1,1,0,0.013989,0.96602,4.7e-05,0.01994,3e-06
"542",1025794,1,9,0,0.512432,0.11201,0.039733,0.33315,0.002675
"543",282140,1,10,0,0.017066,0.000152,0.038313,0.063307,0.881161
"544",1342021,1,10,0,0.181805,0.000639,0.653985,0.146234,0.017338
"545",320040,1,1,0,0.559304,0.088359,0.057209,0.290563,0.004566
"546",225691,1,1,0,0.493526,0.023779,0.162676,0.3027,0.017319
"547",991052,1,10,0,0.00957,0.000288,0.50907,0.480849,0.000224
"548",780840,1,9,0,0.664068,0.073064,0.041332,0.212738,0.008798
"549",694149,1,1,0,0.050416,0.000242,0.916381,0.032957,4e-06
"550",521194,1,7,0,0.345451,0.003201,0.424081,0.055637,0.17163
"551",1489062,1,3,0,0.003919,1.1e-05,0.989429,0.006641,0
"552",147497,1,6,0,0.301562,0.020162,0.38601,0.292123,0.000143
"553",1201008,1,6,0,0.021421,0.00527,0.121372,0.851422,0.000515
"554",1844468,1,9,0,0.067056,0.011977,0.260095,0.659755,0.001116
"555",1969660,1,6,0,0.687904,0.012954,0.202113,0.079737,0.017292
"556",1773352,1,5,0,0.000347,6e-06,0.000126,0.000269,0.999251
"557",1291918,1,8,0,0.145813,0.001033,0.783309,0.069772,7.4e-05
"558",1105218,1,8,0,0.550611,0.065128,0.061431,0.319612,0.003218
"559",1319602,1,2,0,0.535928,0.041899,0.03131,0.353819,0.037044
"560",583235,1,1,0,0.065623,0.011986,0.236438,0.685933,2e-05
"561",202641,1,6,0,0.213558,0.67064,0.001153,0.112731,0.001917
"562",909915,1,10,1,0.000471,4e-06,6.1e-05,0.000108,0.999356
"563",1190267,1,5,0,0.519539,0.062237,0.058665,0.353326,0.006234
"564",352993,1,7,0,0.303657,0.002677,0.585556,0.10513,0.002981
"565",142256,1,10,0,0.001709,1.9e-05,0.000273,0.000115,0.997885
"566",1638183,1,10,0,0.546549,0.042451,0.051268,0.358241,0.001491
"567",1344251,1,1,1,0.0083,0.00084,0.210401,0.780279,0.00018
"568",1590168,1,9,0,0.550611,0.065128,0.061431,0.319612,0.003218
"569",1184471,1,1,0,0.006601,2.4e-05,0.968595,0.024755,2.5e-05
"570",1644808,1,7,0,0.011876,0.004609,0.061599,0.921518,0.000397
"571",1640182,1,2,0,0.571228,0.011067,0.388016,0.029656,3.3e-05
"572",1670000,1,10,0,0.005713,0.002263,0.026373,0.96563,2.1e-05
"573",987388,1,5,0,0.022205,0.952925,0.000133,0.024693,4.4e-05
"574",1147919,1,2,0,0.553029,0.045877,0.094129,0.291508,0.015457
"575",1038740,1,8,0,0.048853,0.000919,0.030061,0.009984,0.910182
"576",748541,1,1,0,0.664068,0.073064,0.041332,0.212738,0.008798
"577",98100,1,5,0,0.014568,0.000434,0.18738,0.794026,0.003593
"578",734477,1,7,0,0.037895,0.005156,0.046992,0.909469,0.000488
"579",1451523,1,3,0,0.577551,0.055884,0.102658,0.258455,0.005452
"580",1276162,1,9,0,0.135416,0.000152,0.853321,0.010916,0.000194
"581",1002686,1,3,0,0.082896,0.005301,0.368017,0.543323,0.000463
"582",389707,1,7,1,0.015428,0.017965,0.029164,0.93717,0.000273
"583",1690529,1,6,0,0.001592,5.3e-05,0.000186,0.000489,0.99768
"584",1164330,1,7,0,0.605156,0.077316,0.029215,0.270011,0.018302
"585",1633443,1,5,0,0.427554,0.003696,0.479267,0.087345,0.002138
"586",1421879,1,7,0,0.027563,0.12745,0.003347,0.8388,0.002841
"587",457300,1,3,0,0.076288,0.03525,0.032214,0.856076,0.000171
"588",826858,1,9,0,0.784953,0.0185,0.133185,0.062692,0.00067
"589",159536,1,6,0,0.61398,0.009086,0.197455,0.178722,0.000756
"590",1051319,1,6,0,0.004782,5e-06,0.97714,0.018059,1.4e-05
"591",256484,1,3,0,0.231741,0.577886,0.002846,0.183702,0.003826
"592",557775,1,1,0,0.141861,0.404469,0.00646,0.436788,0.010423
"593",1923730,1,9,0,0.021053,0.000576,0.883707,0.094661,3e-06
"594",763253,1,1,0,0.004731,0.000433,0.000635,0.003781,0.990421
"595",278776,1,1,0,0.023341,9.9e-05,0.892921,0.083549,9e-05
"596",1492195,1,1,1,0.009826,2e-05,0.980442,0.009698,1.4e-05
"597",138170,1,6,1,0.664068,0.073064,0.041332,0.212738,0.008798
"598",1326366,1,1,0,0.664068,0.073064,0.041332,0.212738,0.008798
"599",1347012,1,10,0,0.004717,2e-06,0.045288,0.000717,0.949277
"600",629956,1,5,0,0.014196,0.967864,4e-05,0.017899,1e-06
"601",1423269,1,7,0,0.047725,0.025052,0.001475,0.027205,0.898543
"602",918302,1,10,0,0.006356,0.000238,0.266988,0.726294,0.000124
"603",910863,1,3,0,0.180093,0.062569,0.023355,0.724436,0.009547
"604",1616698,1,10,0,0.040557,0.275066,0.003097,0.681105,0.000175
"605",1065768,1,2,0,0.161079,0.006496,0.507402,0.324627,0.000396
"606",166632,1,2,0,0.034227,0.553739,0.003694,0.408332,8e-06
"607",305624,1,1,0,0.03022,0.004018,0.002051,0.003023,0.960688
"608",416683,1,1,0,0.300345,0.007212,0.372595,0.308485,0.011363
"609",1929993,1,1,0,0.236202,0.03218,0.080287,0.649993,0.001338
"610",1131294,1,8,0,0.340472,0.094405,0.060662,0.503082,0.00138
"611",1328407,1,4,0,0.081565,0.001798,0.653331,0.263111,0.000194
"612",18699,1,6,0,0.108016,0.340035,0.015247,0.536697,4e-06
"613",630562,1,6,0,0.00392,1e-06,0.984424,0.011291,0.000364
"614",1230089,1,1,0,0.382149,0.098155,0.14054,0.37778,0.001376
"615",61454,1,2,0,0.000658,1e-05,0.00022,0.000416,0.998696
"616",1501431,1,8,0,0.132794,0.004604,0.283616,0.578726,0.00026
"617",200448,1,7,0,0.739046,0.068732,0.055614,0.135232,0.001375
"618",1367236,1,1,0,0.427554,0.003696,0.479267,0.087345,0.002138
"619",1780018,1,3,0,0.605156,0.077316,0.029215,0.270011,0.018302
"620",858706,1,1,0,0.030341,0.000798,0.511324,0.455774,0.001763
"621",361369,1,7,0,0.000201,0,0.997592,0.002198,9e-06
"622",1127824,1,7,0,0.03264,0.478837,0.001722,0.486781,2e-05
"623",11515,1,9,0,0.245715,0.025105,0.403544,0.32433,0.001306
"624",1791538,1,8,0,0.155374,0.534125,0.003353,0.306918,0.00023
"625",1838778,1,6,0,0.39624,0.039543,0.189939,0.368124,0.006154
"626",784412,1,1,0,0.489847,0.060879,0.101672,0.344232,0.003369
"627",165220,1,2,1,0.046891,0.000879,0.786489,0.165649,9.2e-05
"628",1282997,1,6,0,0.041145,0.003582,0.263208,0.691879,0.000186
"629",970305,1,6,0,0.298856,0.001848,0.670627,0.028588,8.2e-05
"630",819798,1,2,0,0.241114,0.619326,0.003466,0.130668,0.005425
"631",1440321,1,2,0,0.130618,0.02405,0.125114,0.720139,7.9e-05
"632",295020,1,8,0,0.000454,0,0.984127,0.015417,1e-06
"633",731604,1,10,0,0.086263,0.000192,0.873127,0.039436,0.000981
"634",1453956,1,5,0,0.012064,4e-06,0.970935,0.016584,0.000413
"635",440453,1,4,0,0.375629,0.010975,0.370772,0.236365,0.006259
"636",858655,1,7,0,0.230352,0.03826,0.180549,0.550295,0.000543
"637",778722,1,7,0,0.349498,0.005017,0.578547,0.066853,8.6e-05
"638",970811,1,2,0,0.03063,0.034595,0.010329,0.923862,0.000584
"639",1543383,1,1,0,0.182637,0.682285,0.000481,0.085337,0.04926
"640",1330712,1,1,0,0.07776,0.025008,0.107604,0.789006,0.000622
"641",1930276,1,1,0,0.018727,0.005375,0.001339,0.014803,0.959756
"642",1894211,1,10,0,0.061061,0.006303,0.017662,0.0302,0.884774
"643",1060847,1,3,0,0.102326,0.006145,0.45588,0.434617,0.001031
"644",1320911,1,1,0,0.004537,0.009417,0.005186,0.980748,0.000112
"645",584156,1,1,1,0.006288,0.019812,0.008198,0.965692,9e-06
"646",59753,1,10,0,0.605156,0.077316,0.029215,0.270011,0.018302
"647",1630588,1,1,0,0.022323,0.001504,0.003602,0.021223,0.951348
"648",497481,1,9,1,0.000318,0,0.994123,0.005558,1e-06
"649",1443551,1,9,0,0.77001,0.109009,0.018717,0.09693,0.005334
"650",1254673,1,6,0,0.149749,0.804683,0.000411,0.04505,0.000107
"651",132176,1,10,0,0.064443,0.018319,0.138679,0.778139,0.000419
"652",1386673,1,1,0,0.421541,0.127051,0.056499,0.394809,0.000101
"653",884071,1,1,0,0.27524,0.40991,0.010613,0.303661,0.000576
"654",138565,1,9,0,0.804937,0.015982,0.119739,0.056299,0.003042
"655",874455,1,2,0,0.171942,0.239642,0.00815,0.579208,0.001057
"656",1513195,1,9,0,0.639179,0.009779,0.265424,0.085071,0.000547
"657",1099024,1,8,0,0.000426,1e-05,0.000119,0.000193,0.999253
"658",1792216,1,6,0,0.553029,0.045877,0.094129,0.291508,0.015457
"659",444895,1,8,0,0.001463,0.995334,1e-06,0.003202,0
"660",1241692,1,1,0,0.007116,0.00041,0.001595,0.009283,0.981597
"661",278434,1,7,0,0.005084,0.001464,0.024753,0.968664,3.6e-05
"662",624153,1,1,0,0.495163,0.137838,0.048068,0.318531,0.000399
"663",1209887,1,8,0,0.009363,0.000221,0.603186,0.386694,0.000536
"664",1165529,1,4,0,0.553029,0.045877,0.094129,0.291508,0.015457
"665",986052,1,8,0,0.664068,0.073064,0.041332,0.212738,0.008798
"666",895611,1,1,0,0.090553,0.862849,0.000956,0.045627,1.5e-05
"667",1387352,1,10,0,0.260206,0.026868,0.212492,0.500158,0.000276
"668",257390,1,7,0,0.03662,0.725004,9.2e-05,0.073469,0.164815
"669",1064547,1,1,0,0.553029,0.045877,0.094129,0.291508,0.015457
"670",904553,1,5,0,0.008131,0.022587,0.011987,0.957276,2e-05
"671",657535,1,1,0,0.508968,0.008051,0.378061,0.102737,0.002183
"672",303338,1,6,0,0.031333,0.026406,0.058005,0.884243,1.3e-05
"673",706147,1,1,0,0.000241,8e-06,6.3e-05,0.000276,0.999412
"674",496321,1,10,0,0.020346,0.003152,0.057191,0.918614,0.000697
"675",262817,1,8,0,0.664068,0.073064,0.041332,0.212738,0.008798
"676",941326,1,10,0,0.19842,0.781924,0.000284,0.019319,5.4e-05
"677",810218,1,2,0,0.118064,0.023407,0.167237,0.691069,0.000224
"678",1467375,1,6,0,0.01025,0.000696,0.00294,0.016696,0.969419
"679",1275623,1,1,0,0.001659,0,0.996184,0.001658,0.000499
"680",689904,1,6,0,0.489847,0.060879,0.101672,0.344232,0.003369
"681",918278,1,6,0,0.040834,0.038835,0.033105,0.885979,0.001246
"682",1966578,1,9,0,0.006174,5e-06,0.029216,0.0011,0.963505
"683",1889722,1,8,0,0.650494,0.190902,0.019294,0.139009,0.000301
"684",1123786,1,4,0,0.205909,0.28297,0.0065,0.503724,0.000898
"685",2792,1,8,0,0.626991,0.144619,0.023575,0.197931,0.006883
"686",1870399,1,6,0,0.004489,0,0.991643,0.000601,0.003267
"687",1990506,1,5,0,0.056935,0.196708,0.031009,0.715342,5e-06
"688",1682795,1,6,0,0.064244,0.163727,0.021136,0.750013,0.000881
"689",578567,1,1,0,0.602001,0.09217,0.040497,0.254546,0.010785
"690",1712520,1,10,0,0.008502,8.8e-05,0.003115,0.003125,0.985171
"691",51460,1,5,0,0.782668,0.140259,0.009848,0.066465,0.00076
"692",801663,1,10,0,0.576683,0.065731,0.053442,0.292128,0.012016
"693",1158275,1,9,0,0.054444,0.01718,0.088871,0.837769,0.001737
"694",1553258,1,4,0,0.607209,0.078414,0.068398,0.244351,0.001628
"695",440309,1,9,0,0.553029,0.045877,0.094129,0.291508,0.015457
"696",845355,1,1,0,0.410192,0.390562,0.015551,0.183622,7.3e-05
"697",949414,1,9,0,0.007116,0.00041,0.001595,0.009283,0.981597
"698",387560,1,10,0,0.069626,0.256415,0.000527,0.117996,0.555436
"699",1482553,1,3,0,0.322536,0.089517,0.044391,0.539174,0.004383
"700",370529,1,9,0,0.523023,0.061691,0.105531,0.30275,0.007004
"701",800152,1,4,0,0.09617,0.000513,0.888709,0.014596,1.2e-05
"702",747056,1,10,0,0.353856,0.120182,0.055149,0.470269,0.000545
"703",561423,1,8,0,0.924958,0.020315,0.024551,0.027392,0.002784
"704",417059,1,7,0,0.001093,2e-06,0.984971,0.013933,1e-06
"705",626353,1,1,0,0.186093,0.046906,0.101977,0.664698,0.000327
"706",521432,1,1,0,0.047388,0.035264,0.051673,0.865502,0.000174
"707",1393450,1,5,0,0.091457,0.006335,0.035269,0.139554,0.727385
"708",1222585,1,2,0,0.007767,1e-06,0.991192,0.001029,1.1e-05
"709",210020,1,8,0,0.127851,0.743784,0.001103,0.127087,0.000176
"710",1461509,1,6,0,0.050598,0.003046,0.294503,0.650961,0.000892
"711",41921,1,6,0,0.002884,4.3e-05,0.000214,0.000495,0.996365
"712",722735,1,1,0,0.490333,0.066144,0.109795,0.323281,0.010447
"713",841033,1,1,0,0.618809,0.078446,0.056587,0.240436,0.005722
"714",262459,1,7,0,0.08028,0.021666,0.006707,0.148534,0.742813
"715",829301,1,2,0,0.62806,0.243898,0.009652,0.115285,0.003104
"716",1772424,1,8,0,0.553029,0.045877,0.094129,0.291508,0.015457
"717",994938,1,7,0,0.354551,0.569117,0.003288,0.072745,3e-04
"718",117896,1,8,0,0.77001,0.109009,0.018717,0.09693,0.005334
"719",316070,1,2,0,0.043565,0.000973,0.767315,0.187912,0.000235
"720",1327618,1,10,0,0.078512,0.014978,0.076262,0.828788,0.001459
"721",1145296,1,1,0,0.031423,0.00071,0.005527,0.016213,0.946127
"722",1265338,1,7,0,0.169979,0.388961,0.004752,0.435077,0.001232
"723",1454487,1,8,0,0.000893,0,0.995154,0.003945,8e-06
"724",1193151,1,7,0,0.848378,0.024707,0.10767,0.018701,0.000544
"725",759652,1,1,0,0.018561,0.001239,0.208427,0.771382,0.000391
"726",1388174,1,3,0,0.200162,0.058829,0.101033,0.635418,0.004558
"727",226080,1,8,0,0.057057,0.002865,0.132454,0.807143,0.000483
"728",1651984,1,9,0,0.569244,0.095614,0.040058,0.284391,0.010692
"729",585168,1,5,0,0.708334,0.08029,0.035422,0.174849,0.001105
"730",1266384,1,6,0,0.043809,0.000873,0.820866,0.134344,0.000107
"731",219663,1,9,0,0.015564,0.002291,0.068222,0.865953,0.04797
"732",1589602,1,9,0,0.050775,0.012478,0.05765,0.87739,0.001706
"733",629600,1,10,0,0.553029,0.045877,0.094129,0.291508,0.015457
"734",1238099,1,7,0,0.008056,0.031553,0.004202,0.956004,0.000184
"735",313917,1,8,1,0.652672,0.029782,0.105691,0.204405,0.00745
"736",63631,1,2,0,0.287896,0.003029,0.603406,0.102058,0.00361
"737",20511,1,2,0,0.006582,0.000251,0.001734,0.004173,0.98726
"738",1010524,1,3,0,0.001756,0.000213,0.000385,0.005815,0.991831
"739",745516,1,8,0,0.000469,2e-06,0.000324,6.6e-05,0.99914
"740",1984445,1,8,1,0.114286,0.018143,0.19717,0.669944,0.000457
"741",1661578,1,1,0,0.030699,0.159132,0.006368,0.803012,0.000788
"742",1765239,1,6,0,0.028658,0.000587,0.443787,0.526174,0.000795
"743",1188685,1,1,0,0.240888,0.004947,0.528987,0.222473,0.002705
"744",1197297,1,3,0,0.55613,0.354082,0.032073,0.057678,3.7e-05
"745",160037,1,6,0,0.005738,0.000148,0.455889,0.537981,0.000245
"746",852125,1,9,0,0.00177,0.00494,0.005192,0.98802,7.8e-05
"747",236130,1,5,0,0.010752,0.001171,0.002057,0.057431,0.928589
"748",59464,1,1,0,0.322411,0.461238,0.015147,0.200526,0.000677
"749",15250,1,10,0,0.006728,7.7e-05,0.742054,0.251097,4.4e-05
"750",1264777,1,7,0,0.132044,0.000229,0.608405,0.004711,0.254611
"751",367718,1,6,0,0.181915,0.768105,0.000878,0.046838,0.002264
"752",1828372,1,8,0,0.355642,0.006738,0.331385,0.293308,0.012928
"753",1520074,1,5,0,0.577551,0.055884,0.102658,0.258455,0.005452
"754",1853240,1,6,0,0.03376,0.002272,0.583045,0.380885,3.9e-05
"755",151786,1,7,0,0.000569,3e-06,0.000267,0.000125,0.999036
"756",1117777,1,1,0,0.075171,0.001982,0.395788,0.523968,0.003091
"757",1292580,1,9,0,0.553029,0.045877,0.094129,0.291508,0.015457
"758",1718154,1,8,0,0.00202,0.000131,0.00064,0.003343,0.993866
"759",1779735,1,2,0,0.340726,0.057022,0.066826,0.534711,0.000714
"760",49687,1,9,0,0.012101,0.000846,0.235987,0.750599,0.000467
"761",507526,1,8,0,0.065661,0.026747,0.061063,0.846442,8.7e-05
"762",725530,1,8,0,0.627538,0.083181,0.087626,0.190012,0.011642
"763",910225,1,2,0,0.618809,0.078446,0.056587,0.240436,0.005722
"764",1105465,1,2,0,0.035838,1.3e-05,0.95965,0.004114,0.000384
"765",1258743,1,3,0,0.000239,2e-06,0.000291,0.000412,0.999055
"766",1572776,1,1,0,0.007679,0.960436,2.6e-05,0.031858,2e-06
"767",1856943,1,9,0,0.220233,0.622732,0.002802,0.152734,0.001499
"768",1602515,1,10,0,0.47633,0.304773,0.033898,0.184949,5.1e-05
"769",1262891,1,10,0,0.715112,0.015734,0.153576,0.113357,0.002221
"770",805178,1,1,0,0.222944,0.106269,0.084178,0.586566,4.3e-05
"771",1188608,1,10,0,0.01518,0.235537,0.001141,0.746965,0.001177
"772",1792584,1,7,0,0.120661,0.002623,0.658715,0.217219,0.000782
"773",1136216,1,9,0,0.29984,0.002577,0.582345,0.112704,0.002533
"774",982828,1,9,0,0.317153,0.001395,0.629902,0.049124,0.002427
"775",499968,1,2,0,0.691589,0.030263,0.131621,0.145406,0.001122
"776",1546122,1,9,0,0.498947,0.034565,0.168834,0.280138,0.017516
"777",308866,1,9,0,0.017179,0.001581,0.46531,0.515918,1.1e-05
"778",1713326,1,9,0,0.025267,0.002977,0.125671,0.845476,0.000609
"779",1077825,1,1,0,0.00059,9e-06,0.000391,0.000796,0.998214
"780",1148409,1,8,0,0.646039,0.002564,0.330598,0.017556,0.003244
"781",65140,1,6,0,0.051339,0.000774,0.176703,0.61631,0.154873
"782",1173834,1,1,0,0.025786,0.000974,0.002595,0.014848,0.955797
"783",380461,1,6,0,0.016558,3.1e-05,0.951861,0.031511,3.8e-05
"784",1029565,1,9,0,0.004871,4e-06,0.972627,0.022468,3e-05
"785",1839886,1,6,0,0.003522,3e-06,0.958343,0.038096,3.5e-05
"786",812362,1,1,0,0.005242,4.6e-05,0.000445,0.000458,0.993809
"787",1542454,1,10,0,0.405129,0.004586,0.483879,0.103814,0.002592
"788",1137336,1,7,0,0.261888,0.002505,0.528442,0.206274,0.000891
"789",172646,1,3,0,0.062531,0.000153,0.870991,0.065923,0.000403
"790",210625,1,10,0,0.050996,3.8e-05,0.922114,0.026608,0.000243
"791",1849496,1,9,0,0.761196,0.0297,0.064309,0.141096,0.003699
"792",435613,1,10,0,0.000658,1e-05,0.00022,0.000416,0.998696
"793",1062854,1,10,0,0.270365,0.003979,0.332361,0.3843,0.008995
"794",1939121,1,10,0,0.420752,0.073913,0.077926,0.427017,0.000392
"795",1219744,1,7,0,0.575638,0.020059,0.184369,0.217698,0.002235
"796",501651,1,8,0,0.000997,1.3e-05,0.000983,0.001577,0.996429
"797",847009,1,4,0,0.039493,0.001211,0.422621,0.53614,0.000534
"798",385648,1,10,0,0.000361,3e-06,0.000194,7.4e-05,0.999368
"799",990747,1,10,0,0.766687,0.028675,0.075216,0.120793,0.008628
"800",1055647,1,3,0,0.002566,1.1e-05,0.912963,0.084444,1.6e-05
"801",1425999,1,6,1,0.02153,0.830565,0.000384,0.147509,1.1e-05
"802",1757894,1,1,0,0.000856,2e-06,0.949377,0.049759,6e-06
"803",1909539,1,10,0,0.004186,0.001522,0.053005,0.941227,6e-05
"804",35597,1,9,0,0.258532,0.036518,0.086777,0.615977,0.002196
"805",428919,1,2,0,0.230132,0.003937,0.538068,0.225437,0.002425
"806",1894405,1,5,0,0.240086,0.040553,0.094634,0.621313,0.003414
"807",1325058,1,6,0,0.576683,0.065731,0.053442,0.292128,0.012016
"808",1390281,1,2,0,0.401419,0.006753,0.457189,0.132576,0.002062
"809",594521,1,1,0,0.057207,0.927779,0.000146,0.014837,3e-05
"810",1807274,1,8,0,0.029588,0.372763,0.001433,0.596109,0.000106
"811",345688,1,7,1,0.065044,0.000989,0.49505,0.437771,0.001146
"812",187370,1,2,0,0.231741,0.577886,0.002846,0.183702,0.003826
"813",329190,1,6,0,0.015538,0.101683,8.3e-05,0.023909,0.858787
"814",313417,1,10,0,0.071267,0.000567,0.843629,0.084469,6.8e-05
"815",910423,1,1,1,0.046114,0.000347,0.89661,0.056715,0.000214
"816",1954228,1,8,0,0.553029,0.045877,0.094129,0.291508,0.015457
"817",1737639,1,1,0,0.740683,0.081442,0.018028,0.131493,0.028353
"818",1123433,1,10,0,0.042612,6.3e-05,0.950004,0.00722,0.000102
"819",756244,1,8,0,0.797009,0.007125,0.185719,0.009603,0.000543
"820",1670106,1,6,0,0.481772,0.00648,0.433638,0.076342,0.001767
"821",1207807,1,2,1,0.553029,0.045877,0.094129,0.291508,0.015457
"822",1097798,1,9,0,0.025065,0.915936,0.000127,0.058818,5.4e-05
"823",810687,1,9,0,0.392029,0.426279,0.007745,0.173603,0.000344
"824",964266,1,10,0,0.01351,0.000918,0.001966,0.015161,0.968445
"825",1788018,1,3,0,0.012405,0.084123,0.001349,0.870206,0.031918
"826",810430,1,3,0,0.275844,0.500665,0.000535,0.019341,0.203616
"827",1207736,1,7,0,0.002769,0.003737,0.009164,0.984219,0.00011
"828",777648,1,2,0,0.172645,0.710066,0.000994,0.114314,0.001983
"829",1920888,1,6,0,0.00351,0.000198,0.026386,0.118627,0.85128
"830",1014268,1,9,0,0.550611,0.065128,0.061431,0.319612,0.003218
"831",1492107,1,8,0,0.038825,0.003217,0.070324,0.886514,0.00112
"832",630436,1,1,0,0.093715,0.009306,0.322324,0.573487,0.001168
"833",106238,1,5,0,0.000569,1.7e-05,0.000287,0.001303,0.997824
"834",334907,1,8,0,0.030719,0.941006,8.5e-05,0.028181,9e-06
"835",545893,1,2,0,5.4e-05,1.1e-05,1e-06,8e-06,0.999926
"836",434012,1,3,0,0.82994,0.099851,0.01539,0.054494,0.000325
"837",126969,1,8,0,0.007116,0.00041,0.001595,0.009283,0.981597
"838",1258076,1,8,0,0.213157,0.772643,0.001093,0.013071,3.7e-05
"839",1673046,1,2,0,0.071195,0.000466,0.906216,0.022106,1.8e-05
"840",203297,1,10,0,0.253269,0.004391,0.431965,0.301931,0.008444
"841",820691,1,4,0,0.01037,0.000431,0.040483,0.196188,0.752528
"842",1103236,1,9,0,0.067516,0.859212,0.000182,0.072962,0.000128
"843",889962,1,1,0,0.037329,0.00795,0.053614,0.900139,0.000969
"844",559203,1,1,0,0.569244,0.095614,0.040058,0.284391,0.010692
"845",110513,1,2,0,0.032984,3.4e-05,0.926376,0.040167,0.00044
"846",1670318,1,7,0,0.003084,1e-06,0.986631,0.010066,0.000217
"847",219675,1,2,0,0.010434,0.011433,0.02905,0.948979,0.000105
"848",1591809,1,6,0,0.080315,0.011002,0.071162,0.837323,0.000198
"849",456422,1,2,0,0.004126,1.4e-05,0.957228,0.038595,3.8e-05
"850",682018,1,8,0,0.030877,0.011864,0.118925,0.83825,8.4e-05
"851",229419,1,6,0,0.121563,0.489165,0.004897,0.384216,0.000159
"852",1874004,1,8,0,0.038136,1.2e-05,0.957019,0.004763,7e-05
"853",1242753,1,7,0,0.739046,0.068732,0.055614,0.135232,0.001375
"854",407773,1,2,0,0.001937,2e-06,0.993093,0.004964,4e-06
"855",1155690,1,1,0,0.035032,0.063493,0.014072,0.887381,2.3e-05
"856",50031,1,8,0,1.8e-05,0,2.8e-05,1.4e-05,0.999939
"857",68657,1,7,0,0.026212,0.000332,0.465863,0.506626,0.000967
"858",1765006,1,2,0,0.77001,0.109009,0.018717,0.09693,0.005334
"859",101312,1,2,0,0.727296,0.040023,0.062573,0.165388,0.004721
"860",759345,1,3,0,0.155289,0.007696,0.431955,0.404606,0.000454
"861",723517,1,1,0,0.000494,1.5e-05,8.4e-05,0.000416,0.998991
"862",1438080,1,1,0,0.482895,0.000452,0.514345,0.002176,0.000132
"863",1783849,1,5,0,0.212357,0.677914,0.001197,0.1078,0.000731
"864",1950600,1,9,0,0.435631,0.221955,0.066552,0.275124,0.000737
"865",1726636,1,7,0,0.593315,0.036167,0.086974,0.261766,0.021778
"866",218717,1,9,0,0.130488,0.006961,0.219298,0.640229,0.003024
"867",235037,1,1,0,0.020237,0.000639,0.473847,0.50487,0.000407
"868",954100,1,1,0,0.461948,0.314296,0.002959,0.215129,0.005668
"869",1402040,1,3,0,0.112657,0.652467,0.005533,0.229336,7e-06
"870",58024,1,7,0,0.039371,0.004834,0.005362,0.025499,0.924934
"871",1830502,1,4,0,0.517478,0.056532,0.063142,0.349817,0.013031
"872",590240,1,6,0,0.050333,0.00038,0.88503,0.06418,7.7e-05
"873",1146274,1,10,0,0.626991,0.144619,0.023575,0.197931,0.006883
"874",1532096,1,7,0,0.664068,0.073064,0.041332,0.212738,0.008798
"875",442357,1,1,0,0.345272,0.002162,0.508506,0.142978,0.001082
"876",567499,1,9,0,0.006224,0.000885,0.000936,0.00458,0.987375
"877",152888,1,10,0,0.104797,0.000309,0.87367,0.021047,0.000177
"878",1937893,1,7,0,0.346744,0.009542,0.292756,0.346475,0.004483
"879",1831168,1,10,0,0.52553,0.130715,0.033353,0.303205,0.007196
"880",1940751,1,3,0,0.00081,5.5e-05,7.8e-05,0.000593,0.998464
"881",58999,1,1,0,0.034245,0.012257,0.003166,0.070829,0.879503
"882",260756,1,6,0,0.041074,0.000629,0.497716,0.459765,0.000817
"883",957281,1,9,0,0.067623,0.005117,0.586704,0.340527,2.9e-05
"884",727364,1,5,0,0.00779,0.000582,0.086471,0.904595,0.000562
"885",1847296,1,1,0,0.170813,0.025729,0.298587,0.504547,0.000324
"886",1461209,1,5,0,0.257063,0.031761,0.161523,0.545117,0.004536
"887",1480266,1,7,0,0.365996,0.021596,0.131433,0.44236,0.038614
"888",267396,1,10,0,0.594204,0.062582,0.195835,0.144353,0.003026
"889",1878900,1,7,0,0.019653,6e-05,0.057864,0.01154,0.910882
"890",410605,1,8,0,0.154365,0.000702,0.822074,0.022813,4.5e-05
"891",1615954,1,4,0,0.006963,0.000598,0.447407,0.545027,5e-06
"892",1504975,1,9,0,0.000107,2e-06,5e-06,1.8e-05,0.999868
"893",1167979,1,7,0,0.034911,2.1e-05,0.948194,0.016289,0.000585
"894",1668985,1,8,1,0.058622,0.001977,0.321443,0.617072,0.000887
"895",1910691,1,9,0,0.179875,0.005239,0.663939,0.150279,0.000669
"896",224062,1,10,0,0.121104,0.720989,0.000919,0.156936,5.2e-05
"897",977709,1,7,0,0.002424,3.4e-05,0.000433,0.000729,0.99638
"898",1212745,1,3,0,0.010847,5.6e-05,0.869917,0.119125,5.4e-05
"899",862880,1,1,0,0.467324,0.044376,0.320194,0.168028,7.9e-05
"900",1376024,1,8,0,0.132719,0.017629,0.250465,0.598709,0.000478
"901",47690,1,8,0,0.098626,3.9e-05,0.587771,0.008394,0.305169
"902",386477,1,8,0,0.000539,0,0.986312,0.012921,0.000227
"903",1016390,1,8,0,0.01551,0.026988,0.020069,0.93731,0.000123
"904",748193,1,8,0,0.717213,0.154216,0.035053,0.091919,0.0016
"905",487297,1,3,0,0.159947,0.002917,0.606867,0.22938,0.00089
"906",646477,1,1,0,0.053052,0.265067,0.002576,0.678953,0.000352
"907",1360919,1,8,0,0.2125,0.000626,0.687485,0.083212,0.016177
"908",1945307,1,1,0,0.517478,0.056532,0.063142,0.349817,0.013031
"909",539683,1,3,0,0.038544,0.314013,2.7e-05,0.030444,0.616972
"910",1439748,1,8,0,0.012837,2.3e-05,0.141123,0.006324,0.839694
"911",1855213,1,2,0,0.909211,0.045425,0.019261,0.020523,0.00558
"912",396262,1,9,0,0.180799,0.000517,0.709416,0.101773,0.007494
"913",51751,1,1,0,0.435056,0.026872,0.132745,0.35518,0.050147
"914",424579,1,1,0,0.010469,0.022882,6.6e-05,0.007702,0.95888
"915",17737,1,9,0,0.193894,0.683557,0.001434,0.119818,0.001297
"916",1720105,1,10,0,0.630989,0.093053,0.054169,0.208236,0.013554
"917",1956224,1,1,0,0.039763,0.811629,0.000572,0.147838,0.000198
"918",1916377,1,1,0,0.191855,0.019393,0.017205,0.173437,0.598111
"919",1717590,1,10,0,0.024013,0.975343,2e-06,0.000614,2.8e-05
"920",1880908,1,8,0,0.564789,0.241665,0.0076,0.184517,0.00143
"921",1882247,1,8,0,0.009093,3.1e-05,0.908716,0.082128,3.2e-05
"922",284569,1,7,0,0.569244,0.095614,0.040058,0.284391,0.010692
"923",318150,1,10,0,0.057259,0.002754,0.244857,0.69502,0.00011
"924",1988987,1,9,0,0.346612,0.08092,0.278111,0.293543,0.000814
"925",1504013,1,9,0,0.103464,0.026265,0.001353,0.007118,0.861801
"926",1026326,1,2,0,0.012457,0.071415,0.008912,0.907109,0.000107
"927",1515380,1,4,0,0.013981,0.77903,0.000458,0.206519,1.2e-05
"928",1601659,1,1,0,0.037735,0.003941,0.362963,0.595326,3.5e-05
"929",246908,1,8,0,0.697491,0.014462,0.224715,0.057621,0.005711
"930",291807,1,1,0,0.093633,0.000503,0.856747,0.049026,9.1e-05
"931",81331,1,1,0,0.087679,0.000199,0.864834,0.046574,0.000714
"932",1493332,1,7,0,0.007664,1.3e-05,0.962286,0.029983,5.4e-05
"933",314672,1,5,0,0.146703,0.001002,0.719761,0.132423,0.000111
"934",274229,1,6,0,0.011629,0.010459,0.015823,0.961608,0.000481
"935",1233135,1,2,0,0.553029,0.045877,0.094129,0.291508,0.015457
"936",677626,1,9,0,0.407736,0.032627,0.385752,0.173249,0.000636
"937",1486377,1,6,0,0.015742,1e-05,0.979737,0.004506,5e-06
"938",1219952,1,1,0,0.381222,0.004854,0.492568,0.119424,0.001932
"939",1679112,1,4,0,0.033875,0.004078,0.001785,0.018223,0.942039
"940",410885,1,6,0,0.038892,0.002564,0.359416,0.599088,4e-05
"941",1764932,1,3,0,0.564304,0.063426,0.198593,0.172992,0.000685
"942",112702,1,7,0,0.01792,1.1e-05,0.968681,0.013265,0.000124
"943",1902690,1,8,0,0.036447,0.947482,5e-05,0.016016,4e-06
"944",14462,1,8,0,0.593147,0.050477,0.154048,0.20168,0.000648
"945",1820757,1,2,0,0.001806,0.000124,0.000319,0.001743,0.996008
"946",605146,1,1,0,0.006212,1e-06,0.987149,0.00662,1.7e-05
"947",33791,1,2,0,0.020087,7.9e-05,0.90469,0.075087,5.7e-05
"948",1991748,1,3,0,0.032684,0.936477,6.9e-05,0.030765,6e-06
"949",390173,1,10,1,0.028662,0.003576,0.201411,0.766267,8.4e-05
"950",1424900,1,5,0,7.2e-05,0,4e-05,2e-05,0.999868
"951",146228,1,1,0,0.046387,0.00581,0.090116,0.856648,0.00104
"952",1840117,1,2,0,0.00763,0.037732,0.002089,0.904242,0.048306
"953",255797,1,7,0,0.011649,8.6e-05,0.492609,0.491375,0.004281
"954",1655387,1,3,0,0.077775,0.005995,0.596869,0.31931,5.2e-05
"955",1307246,1,10,0,0.352242,0.393788,0.01286,0.241065,4.5e-05
"956",1752601,1,3,0,0.334993,0.158856,0.040488,0.463273,0.00239
"957",16658,1,2,0,0.003226,0.001736,0.030576,0.96417,0.000292
"958",1330964,1,10,0,0.391321,0.007651,0.246377,0.348882,0.005769
"959",902719,1,10,0,0.553505,0.011802,0.330355,0.101942,0.002396
"960",1212468,1,1,0,0.027292,0.752212,0.00041,0.220006,8e-05
"961",287179,1,5,0,0.003258,5e-06,0.949495,0.047039,0.000204
"962",1843399,1,1,0,0.17056,0.155805,0.029902,0.643336,0.000397
"963",1393560,1,5,0,0.602001,0.09217,0.040497,0.254546,0.010785
"964",1542786,1,1,0,0.419461,0.08633,0.070884,0.422103,0.001221
"965",1814032,1,9,0,0.034563,9.1e-05,0.887099,0.077941,0.000306
"966",811800,1,7,0,0.001005,2e-06,0.000849,0.000147,0.997998
"967",1089620,1,2,1,0.595519,0.032757,0.108132,0.26095,0.002642
"968",1420908,1,4,0,0.009731,7e-06,0.976703,0.013531,2.8e-05
"969",1684815,1,1,0,0.149033,0.002103,0.791466,0.057116,0.000282
"970",1018511,1,10,0,0.585177,0.034508,0.084458,0.17262,0.123238
"971",245298,1,1,0,0.342918,0.316557,0.010858,0.328552,0.001115
"972",1066988,1,8,0,0.395377,0.558916,0.001851,0.043536,0.00032
"973",1527071,1,1,0,0.014054,5e-05,0.93756,0.048266,7e-05
"974",887983,1,1,0,0.003415,4e-06,0.989838,0.006742,1e-06
"975",1165683,1,10,0,0.00052,1e-06,9.6e-05,1.3e-05,0.99937
"976",1824477,1,3,0,0.08033,0.212575,0.005663,0.700836,0.000595
"977",127035,1,5,0,0.014236,0.133722,0.005376,0.846624,4.1e-05
"978",1884203,1,9,0,0.014779,0.001328,0.001208,0.016732,0.965953
"979",136186,1,10,0,0.017533,0.811019,0.000367,0.171072,8e-06
"980",147284,1,3,0,0.013601,0.024621,0.038538,0.923204,3.6e-05
"981",1605904,1,2,0,0.318025,0.435816,0.005285,0.232281,0.008593
"982",203256,1,5,0,0.123181,0.232119,0.00753,0.637125,4.5e-05
"983",579524,1,10,0,0.020589,0.008108,6e-04,0.011282,0.95942
"984",1148628,1,2,0,0.129627,0.065686,0.022779,0.629115,0.152793
"985",1063478,1,10,0,0.409247,0.046237,0.177617,0.366615,0.000283
"986",1770657,1,5,0,0.21178,0.003323,0.676855,0.107622,0.00042
"987",337981,1,9,0,0.002887,8.7e-05,0.001904,0.00358,0.991543
"988",1948456,1,9,0,0.664068,0.073064,0.041332,0.212738,0.008798
"989",1231919,1,3,0,0.00059,9e-06,0.000391,0.000796,0.998214
"990",1217,1,10,0,0.016052,0.000792,0.257244,0.725641,0.000271
"991",223577,1,6,0,0.626991,0.144619,0.023575,0.197931,0.006883
"992",612405,1,6,0,0.012508,9.7e-05,0.894615,0.09277,9e-06
"993",1881504,1,10,0,0.560578,0.090421,0.055722,0.287092,0.006188
"994",714453,1,8,0,0.118789,0.032869,0.05572,0.792549,7.3e-05
"995",1409320,1,3,0,8.2e-05,0,0.000154,2.1e-05,0.999743
"996",628900,1,5,1,0.210288,0.030747,0.277862,0.481001,0.000102
"997",352085,1,1,0,0.092356,0.000262,0.797039,0.109928,0.000415
"998",1717167,1,1,0,0.103764,0.000509,0.812675,0.082994,5.8e-05
"999",1106697,1,6,0,0.039739,0.002431,0.103372,0.85021,0.004248
"1000",1589042,1,1,0,0.007116,0.00041,0.001595,0.009283,0.981597
